{
    "test": "s10_n9",
    "rounds": 5,
    "datatype": "string",
    "string": {
        "average similarity": 0.8695589493154747,
        "average jaro-winkler similarity": 0.9188975215817321,
        "average sorensen-dice similarity": 0.8707317073170733,
        "average damerau-levenshtein similarity": 0.819047619047619
    }
}