{
    "test": "s5_n4",
    "rounds": 5,
    "datatype": "string",
    "string": {
        "average similarity": 0.9241418313770803,
        "average jaro-winkler similarity": 0.9317851000425712,
        "average sorensen-dice similarity": 0.9233990147783251,
        "average damerau-levenshtein similarity": 0.9172413793103449
    }
}