{
    "test": "s10_n6",
    "rounds": 5,
    "datatype": "string",
    "string": {
        "average similarity": 0.7956839999728319,
        "average jaro-winkler similarity": 0.8556524644945698,
        "average sorensen-dice similarity": 0.8087804878048781,
        "average damerau-levenshtein similarity": 0.7226190476190476
    }
}