{
    "test": "s10_n9",
    "rounds": 5,
    "datatype": "string",
    "string": {
        "average similarity": 0.9026410188284889,
        "average jaro-winkler similarity": 0.925147214441332,
        "average sorensen-dice similarity": 0.9065853658536586,
        "average damerau-levenshtein similarity": 0.8761904761904763
    }
}