{
    "test": "s15_n9",
    "rounds": 5,
    "datatype": "string",
    "string": {
        "average similarity": 0.9551088219552631,
        "average jaro-winkler similarity": 0.9612961228787317,
        "average sorensen-dice similarity": 0.957306696263411,
        "average damerau-levenshtein similarity": 0.9467236467236468
    }
}