{
    "test": "s15_n13",
    "rounds": 5,
    "datatype": "string",
    "string": {
        "average similarity": 0.8899142424088401,
        "average jaro-winkler similarity": 0.930388065063927,
        "average sorensen-dice similarity": 0.8871379133941201,
        "average damerau-levenshtein similarity": 0.852216748768473
    }
}