{
    "test": "s15_n6",
    "rounds": 5,
    "datatype": "string",
    "string": {
        "average similarity": 0.8541588270192388,
        "average jaro-winkler similarity": 0.8627053140096619,
        "average sorensen-dice similarity": 0.8736842105263157,
        "average damerau-levenshtein similarity": 0.826086956521739
    }
}