{
    "test": "s20_n18",
    "rounds": 5,
    "datatype": "string",
    "string": {
        "average similarity": 0.9186937986788918,
        "average jaro-winkler similarity": 0.9328977225672878,
        "average sorensen-dice similarity": 0.9271836734693878,
        "average damerau-levenshtein similarity": 0.8960000000000001
    }
}