{
    "test": "s20_n4",
    "rounds": 5,
    "datatype": "string",
    "string": {
        "average similarity": 0.8733333333333334,
        "average jaro-winkler similarity": 0.8925925925925926,
        "average sorensen-dice similarity": 0.8977777777777778,
        "average damerau-levenshtein similarity": 0.8296296296296296
    }
}