{
    "test": "s5_n3",
    "rounds": 5,
    "datatype": "string",
    "string": {
        "average similarity": 0.7132529968216242,
        "average jaro-winkler similarity": 0.7728458110516934,
        "average sorensen-dice similarity": 0.7248677248677249,
        "average damerau-levenshtein similarity": 0.6420454545454545
    }
}