{
    "test": "s5_n4",
    "rounds": 5,
    "datatype": "string",
    "string": {
        "average similarity": 0.9658617121774209,
        "average jaro-winkler similarity": 0.9741861217539378,
        "average sorensen-dice similarity": 0.9647783251231526,
        "average damerau-levenshtein similarity": 0.9586206896551724
    }
}