{
    "test": "s5_n1",
    "rounds": 5,
    "datatype": "string",
    "string": {
        "average similarity": 0.9815807212672732,
        "average jaro-winkler similarity": 0.9847826086956522,
        "average sorensen-dice similarity": 0.9860465116279069,
        "average damerau-levenshtein similarity": 0.9739130434782609
    }
}