{
    "test": "s10_n9",
    "rounds": 5,
    "datatype": "continuous",
    "continuous": {
        "average similarity": 0.9728228228235944,
        "average euclidean similarity": 0.9675675675675676,
        "average manhattan similarity": 0.9675675675675676,
        "average canberra similarity": 0.9833333333356481
    }
}