{
    "test": "s15_n13",
    "rounds": 5,
    "datatype": "continuous",
    "continuous": {
        "average similarity": 0.9746697746705637,
        "average euclidean similarity": 0.9696969696969697,
        "average manhattan similarity": 0.9696969696969697,
        "average canberra similarity": 0.9846153846177514
    }
}