{
    "test": "s20_n18",
    "rounds": 5,
    "datatype": "continuous",
    "continuous": {
        "average similarity": 0.8716674946227934,
        "average euclidean similarity": 0.8484848484848485,
        "average manhattan similarity": 0.8484848484848485,
        "average canberra similarity": 0.9180327868986832
    }
}