{
    "test": "s10_n6",
    "rounds": 5,
    "datatype": "continuous",
    "continuous": {
        "average similarity": 0.9662112757701332,
        "average euclidean similarity": 0.9600496277915633,
        "average manhattan similarity": 0.9600496277915633,
        "average canberra similarity": 0.978534571727273
    }
}