{
    "test": "s10_n2",
    "rounds": 5,
    "datatype": "continuous",
    "continuous": {
        "average similarity": 0.9819407008093374,
        "average euclidean similarity": 0.9785714285714285,
        "average manhattan similarity": 0.9785714285714285,
        "average canberra similarity": 0.9886792452851548
    }
}