{
    "test": "s15_n6",
    "rounds": 5,
    "datatype": "continuous",
    "continuous": {
        "average similarity": 0.9566688902087455,
        "average euclidean similarity": 0.9485411140583554,
        "average manhattan similarity": 0.9485411140583554,
        "average canberra similarity": 0.9729244425095258
    }
}