{
    "test": "s15_n9",
    "rounds": 5,
    "datatype": "continuous",
    "continuous": {
        "average similarity": 0.8860311931623942,
        "average euclidean similarity": 0.8657471264367815,
        "average manhattan similarity": 0.8657471264367815,
        "average canberra similarity": 0.9265993266136199
    }
}