{
    "test": "s20_n18",
    "rounds": 5,
    "datatype": "continuous",
    "continuous": {
        "average similarity": 0.9479965359258204,
        "average euclidean similarity": 0.9382806292706182,
        "average manhattan similarity": 0.9382806292706182,
        "average canberra similarity": 0.9674283492362251
    }
}