{
    "test": "s20_n4",
    "rounds": 5,
    "datatype": "continuous",
    "average similarity": 0.9696545284793395,
    "average euclidean similarity": 0.9642857142857143,
    "average manhattan similarity": 0.9642857142857143,
    "average canberra similarity": 0.9803921568665898
}