{
    "test": "s20_n8",
    "rounds": 5,
    "datatype": "continuous",
    "continuous": {
        "average similarity": 0.9491762057614119,
        "average euclidean similarity": 0.9398706896551724,
        "average manhattan similarity": 0.9398706896551724,
        "average canberra similarity": 0.9677872379738911
    }
}