{
    "test": "s20_n12",
    "rounds": 5,
    "datatype": "continuous",
    "continuous": {
        "average similarity": 0.8890567683487615,
        "average euclidean similarity": 0.869212962962963,
        "average manhattan similarity": 0.869212962962963,
        "average canberra similarity": 0.9287443791203583
    }
}