{
    "test": "s5_n2",
    "rounds": 5,
    "datatype": "continuous",
    "continuous": {
        "average similarity": 0.9888512241058445,
        "average euclidean similarity": 0.9866666666666667,
        "average manhattan similarity": 0.9866666666666667,
        "average canberra similarity": 0.9932203389841999
    }
}