{
    "test": "s5_n4",
    "rounds": 5,
    "datatype": "continuous",
    "average similarity": 0.9227445566977345,
    "average euclidean similarity": 0.9086999022482893,
    "average manhattan similarity": 0.9086999022482893,
    "average canberra similarity": 0.9508338655966247
}