{
    "test": "s5_n4",
    "rounds": 5,
    "datatype": "continuous",
    "continuous": {
        "average similarity": 0.9761976652953087,
        "average euclidean similarity": 0.9715873015873016,
        "average manhattan similarity": 0.9715873015873016,
        "average canberra similarity": 0.9854183927113233
    }
}