{
    "test": "s5_n1",
    "rounds": 5,
    "datatype": "continuous",
    "average similarity": 0.9749135802479802,
    "average euclidean similarity": 0.9703703703703703,
    "average manhattan similarity": 0.9703703703703703,
    "average canberra similarity": 0.9840000000032
}