{
    "test": "s20_n16",
    "rounds": 5,
    "datatype": "continuous",
    "continuous": {
        "average similarity": 0.9935646053295676,
        "average euclidean similarity": 0.9923076923076923,
        "average manhattan similarity": 0.9923076923076923,
        "average canberra similarity": 0.996078431373318
    }
}