{
    "algorithm": "Majority Voting",
    "results": [
        {
            "result": 37,
            "truth": 35,
            "datatype": "continuous",
            "metrics": {
                "euclidean-distance": 0.05405405405405406,
                "manhattan-distance": 0.05405405405405406,
                "canberra-distance": 0.027777777773919755
            }
        }
    ]
}