{
    "algorithm": "Majority Voting",
    "results": [
        {
            "result": 32,
            "truth": 33,
            "datatype": "continuous",
            "metrics": {
                "euclidean-distance": 0.030303030303030304,
                "manhattan-distance": 0.030303030303030304,
                "canberra-distance": 0.015384615382248522
            }
        }
    ]
}