{
    "algorithm": "Majority Voting",
    "results": [
        {
            "result": 33,
            "truth": 28,
            "datatype": "continuous",
            "metrics": {
                "euclidean-distance": 0.15151515151515152,
                "manhattan-distance": 0.15151515151515152,
                "canberra-distance": 0.08196721310131685
            }
        }
    ]
}