{
    "test": "s10_n6",
    "rounds": 5,
    "datatype": "continuous",
    "continuous": {
        "average similarity": 0.998445006168461,
        "average euclidean similarity": 0.9981343557898971,
        "average manhattan similarity": 0.9981343557898971,
        "average canberra similarity": 0.999066306925589
    }
}