{
    "test": "s10_n2",
    "rounds": 5,
    "datatype": "continuous",
    "continuous": {
        "average similarity": 0.9975861193935739,
        "average euclidean similarity": 0.9971041830636992,
        "average manhattan similarity": 0.9971041830636992,
        "average canberra similarity": 0.9985499920533236
    }
}