{
    "test": "s15_n9",
    "rounds": 5,
    "datatype": "continuous",
    "continuous": {
        "average similarity": 0.9895457563687868,
        "average euclidean similarity": 0.9874707049299792,
        "average manhattan similarity": 0.9874707049299792,
        "average canberra similarity": 0.9936958592464022
    }
}