{
    "test": "s15_n13",
    "rounds": 5,
    "datatype": "continuous",
    "continuous": {
        "average similarity": 0.9645259912441846,
        "average euclidean similarity": 0.9576147303139418,
        "average manhattan similarity": 0.9576147303139418,
        "average canberra similarity": 0.9783485131046701
    }
}