{
    "test": "s15_n3",
    "rounds": 5,
    "datatype": "continuous",
    "continuous": {
        "average similarity": 0.9988684357431291,
        "average euclidean similarity": 0.998642307349868,
        "average manhattan similarity": 0.998642307349868,
        "average canberra similarity": 0.9993206925296512
    }
}