{
    "test": "s20_n18",
    "rounds": 5,
    "datatype": "continuous",
    "continuous": {
        "average similarity": 0.94780171409298,
        "average euclidean similarity": 0.9377618569606438,
        "average manhattan similarity": 0.9377618569606438,
        "average canberra similarity": 0.9678814283576523
    }
}