{
    "test": "s20_n8",
    "rounds": 5,
    "datatype": "continuous",
    "continuous": {
        "average similarity": 0.9995084181229085,
        "average euclidean similarity": 0.9994101365516235,
        "average manhattan similarity": 0.9994101365516235,
        "average canberra similarity": 0.9997049812654786
    }
}