{
    "test": "s20_n12",
    "rounds": 5,
    "datatype": "continuous",
    "continuous": {
        "average similarity": 0.9985328618137252,
        "average euclidean similarity": 0.9982397442993659,
        "average manhattan similarity": 0.9982397442993659,
        "average canberra similarity": 0.9991190968424437
    }
}