{
    "test": "s5_n1",
    "rounds": 5,
    "datatype": "continuous",
    "continuous": {
        "average similarity": 0.9991993836390618,
        "average euclidean similarity": 0.9990393526955161,
        "average manhattan similarity": 0.9990393526955161,
        "average canberra similarity": 0.9995194455261531
    }
}