{
    "test": "s10_n9",
    "rounds": 5,
    "datatype": "heterogeneous",
    "average similiarty": 0.6496575931233314,
    "categorical": {
        "average similarity": 0.2
    },
    "continuous": {
        "average similarity": 0.9206402411072235,
        "average euclidean similarity": 0.9058555088702147,
        "average manhattan similarity": 0.9058555088702147,
        "average canberra similarity": 0.9502097055812411
    },
    "string": {
        "average similarity": 0.8283325382627708,
        "average jaro-winkler similarity": 0.874101055806938,
        "average sorensen-dice similarity": 0.8430232558139534,
        "average damerau-levenshtein similarity": 0.7678733031674208
    }
}