{
    "test": "s15_n13",
    "rounds": 5,
    "datatype": "heterogeneous",
    "average similiarty": 0.6105943991649513,
    "categorical": {
        "average similarity": 0.0
    },
    "continuous": {
        "average similarity": 0.9579548101576946,
        "average euclidean similarity": 0.95,
        "average manhattan similarity": 0.95,
        "average canberra similarity": 0.9738644304730836
    },
    "string": {
        "average similarity": 0.8738283873371592,
        "average jaro-winkler similarity": 0.904949241791347,
        "average sorensen-dice similarity": 0.8828995565837671,
        "average damerau-levenshtein similarity": 0.8336363636363636
    }
}