{
    "test": "s15_n9",
    "rounds": 5,
    "datatype": "heterogeneous",
    "average similiarty": 0.8512015012489411,
    "categorical": {
        "average similarity": 0.6
    },
    "continuous": {
        "average similarity": 0.9892120571129972,
        "average euclidean similarity": 0.9870967741935484,
        "average manhattan similarity": 0.9870967741935484,
        "average canberra similarity": 0.9934426229518947
    },
    "string": {
        "average similarity": 0.964392446633826,
        "average jaro-winkler similarity": 0.9581773399014779,
        "average sorensen-dice similarity": 0.975,
        "average damerau-levenshtein similarity": 0.96
    }
}