{
    "test": "s20_n12",
    "rounds": 5,
    "datatype": "heterogeneous",
    "average similiarty": 0.6259708271637532,
    "categorical": {
        "average similarity": 0.2
    },
    "continuous": {
        "average similarity": 0.9431050943464941,
        "average euclidean similarity": 0.9327214854111405,
        "average manhattan similarity": 0.9327214854111405,
        "average canberra similarity": 0.9638723122172013
    },
    "string": {
        "average similarity": 0.7348073871447655,
        "average jaro-winkler similarity": 0.7742768022101356,
        "average sorensen-dice similarity": 0.8153305444093457,
        "average damerau-levenshtein similarity": 0.6148148148148149
    }
}