{
    "test": "s20_n18",
    "rounds": 5,
    "datatype": "heterogeneous",
    "average similiarty": 0.5705304404265671,
    "categorical": {
        "average similarity": 0.0
    },
    "continuous": {
        "average similarity": 0.9418978102424239,
        "average euclidean similarity": 0.9310344827586207,
        "average manhattan similarity": 0.9310344827586207,
        "average canberra similarity": 0.9636244652100306
    },
    "string": {
        "average similarity": 0.7696935110372776,
        "average jaro-winkler similarity": 0.836157575310826,
        "average sorensen-dice similarity": 0.7872086720867209,
        "average damerau-levenshtein similarity": 0.6857142857142857
    }
}