{
    "test": "s5_n4",
    "rounds": 5,
    "datatype": "heterogeneous",
    "average similiarty": 0.5578835818525506,
    "categorical": {
        "average similarity": 0.0
    },
    "continuous": {
        "average similarity": 0.8889989274537838,
        "average euclidean similarity": 0.8692307692307693,
        "average manhattan similarity": 0.8692307692307693,
        "average canberra similarity": 0.928535243899813
    },
    "string": {
        "average similarity": 0.7846518181038681,
        "average jaro-winkler similarity": 0.8530913018873496,
        "average sorensen-dice similarity": 0.8119752635353658,
        "average damerau-levenshtein similarity": 0.6888888888888889
    }
}