{
    "test": "s5_n2",
    "rounds": 5,
    "datatype": "heterogeneous",
    "average similiarty": 0.7025150381803477,
    "categorical": {
        "average similarity": 0.2
    },
    "continuous": {
        "average similarity": 0.956274199733896,
        "average euclidean similarity": 0.9482683982683983,
        "average manhattan similarity": 0.9482683982683983,
        "average canberra similarity": 0.9722858026648915
    },
    "string": {
        "average similarity": 0.9512709148071467,
        "average jaro-winkler similarity": 0.9532910052910053,
        "average sorensen-dice similarity": 0.9565217391304348,
        "average damerau-levenshtein similarity": 0.944
    }
}