{
    "test": "s5_n2",
    "rounds": 5,
    "datatype": "heterogeneous",
    "average similiarty": 0.8970916111805275,
    "categorical": {
        "average similarity": 0.8
    },
    "continuous": {
        "average similarity": 0.9425892925911277,
        "average euclidean similarity": 0.932046332046332,
        "average manhattan similarity": 0.932046332046332,
        "average canberra similarity": 0.963675213680719
    },
    "string": {
        "average similarity": 0.9486855409504549,
        "average jaro-winkler similarity": 0.976086956521739,
        "average sorensen-dice similarity": 0.9395348837209301,
        "average damerau-levenshtein similarity": 0.9304347826086957
    }
}