{
    "test": "s20_n18",
    "rounds": 5,
    "datatype": "continuous",
    "continuous": {
        "average similarity": 0.9711635410375252,
        "average euclidean similarity": 0.9655172413793104,
        "average manhattan similarity": 0.9655172413793104,
        "average canberra similarity": 0.982456140353955
    }
}